ID;name;email
79ceab87-300d-4b66-8cc3-182c679b7c01;Thomas Schmidt;thomas.schmidt@pra.ondemand.com
79ceab87-300d-4b66-8cc3-282c679b7c02;Miguel Rodriguez;miguel.rodriguez@pra.ondemand.com
79ceab87-300d-4b66-8cc3-382c679b7c03;Nathalie Perrin;nathalie.perrin@pra.ondemand.com
79ceab87-300d-4b66-8cc3-482c679b7c04;Alessandra Bertolini;alessandra.bertolini@pra.ondemand.com
79ceab87-300d-4b66-8cc3-582c679b7c05;Vladimir Zhukov;vladimir.zhukov@pra.ondemand.com
79ceab87-300d-4b66-8cc3-682c679b7c06;Takahiro Suzuki;takahiro.suzuki@pra.ondemand.com
79ceab87-300d-4b66-8cc3-782c679b7c07;Xiao-ming Zhou;xiao-ming.zhou@pra.ondemand.com
79ceab87-300d-4b66-8cc3-882c679b7c08;Tomoko Sato;tomoko.sato@pra.ondemand.com
79ceab87-300d-4b66-8cc3-982c679b7c09;Aneesha Mishra;aneesha.mishra@pra.ondemand.com
79ceab87-300d-4b66-8cc3-a82c679b7c10;Elena Petrova;elena.petrova@pra.ondemand.com
79ceab87-300d-4b66-8cc3-b82c679b7c11;João Pereira;joão.pereira@pra.ondemand.com
79ceab87-300d-4b66-8cc3-c82c679b7c12;Michael Adams;michael.adams@pra.ondemand.com